{"errors":[],"warnings":["./src/components/ListadoPropiedades.js\nThere are multiple modules with names that only differ in casing.\nThis can lead to unexpected behavior when compiling on a filesystem with other case-semantic.\nUse equal casing. Compare these module identifiers:\n* /Users/juandelatorre/Desktop/bienesraicesfrontend/node_modules/gatsby/dist/utils/babel-loader.js??ref--4-0!/Users/juandelatorre/Desktop/bienesraicesfrontend/src/components/ListadoPropiedades.js\n    Used by 2 module(s), i. e.\n    /Users/juandelatorre/Desktop/bienesraicesfrontend/node_modules/gatsby/dist/utils/babel-loader.js??ref--4-0!/Users/juandelatorre/Desktop/bienesraicesfrontend/src/pages/index.js\n* /Users/juandelatorre/Desktop/bienesraicesfrontend/node_modules/gatsby/dist/utils/babel-loader.js??ref--4-0!/Users/juandelatorre/Desktop/bienesraicesfrontend/src/components/listadoPropiedades.js\n    Used by 2 module(s), i. e.\n    /Users/juandelatorre/Desktop/bienesraicesfrontend/node_modules/gatsby/dist/utils/babel-loader.js??ref--4-0!/Users/juandelatorre/Desktop/bienesraicesfrontend/src/components/paginas.js"],"namedChunkGroups":{"app":{"chunks":[6,0,2],"assets":["webpack-runtime-6570c79691847ded27b6.js","webpack-runtime-6570c79691847ded27b6.js.map","commons-861ad2dadf41dff3bf2b.js","commons-861ad2dadf41dff3bf2b.js.map","app-05d2f576a639d50ce9bc.js","app-05d2f576a639d50ce9bc.js.map"],"children":{},"childAssets":{}},"component---src-components-paginas-js":{"chunks":[1,0,3],"assets":["styles.f7260a2f3b8f05e17f39.css","styles-99cbaff97f3a86e7effa.js","styles-99cbaff97f3a86e7effa.js.map","commons-861ad2dadf41dff3bf2b.js","commons-861ad2dadf41dff3bf2b.js.map","component---src-components-paginas-js-91558f59f9448c486dee.js","component---src-components-paginas-js-91558f59f9448c486dee.js.map"],"children":{},"childAssets":{}},"component---src-components-propiedades-js":{"chunks":[0,4],"assets":["commons-861ad2dadf41dff3bf2b.js","commons-861ad2dadf41dff3bf2b.js.map","component---src-components-propiedades-js-552ec83f63237c778fa1.js","component---src-components-propiedades-js-552ec83f63237c778fa1.js.map"],"children":{},"childAssets":{}},"component---src-pages-index-js":{"chunks":[1,0,5],"assets":["styles.f7260a2f3b8f05e17f39.css","styles-99cbaff97f3a86e7effa.js","styles-99cbaff97f3a86e7effa.js.map","commons-861ad2dadf41dff3bf2b.js","commons-861ad2dadf41dff3bf2b.js.map","component---src-pages-index-js-3a51cb4cd64007e34bb8.js","component---src-pages-index-js-3a51cb4cd64007e34bb8.js.map"],"children":{},"childAssets":{}}},"assetsByChunkName":{"app":["webpack-runtime-6570c79691847ded27b6.js","commons-861ad2dadf41dff3bf2b.js","app-05d2f576a639d50ce9bc.js"],"component---src-components-paginas-js":["styles.f7260a2f3b8f05e17f39.css","styles-99cbaff97f3a86e7effa.js","commons-861ad2dadf41dff3bf2b.js","component---src-components-paginas-js-91558f59f9448c486dee.js"],"component---src-components-propiedades-js":["commons-861ad2dadf41dff3bf2b.js","component---src-components-propiedades-js-552ec83f63237c778fa1.js"],"component---src-pages-index-js":["styles.f7260a2f3b8f05e17f39.css","styles-99cbaff97f3a86e7effa.js","commons-861ad2dadf41dff3bf2b.js","component---src-pages-index-js-3a51cb4cd64007e34bb8.js"]}}